Centroid_ID	Longitude	Latitude
0	13.420105	52.512958999999995
1	13.454980999999998	52.477553
2	13.449664749999997	52.5168225
3	13.41685260869565	52.54672717391304
4	13.388138493589741	52.52763541666667
5	13.388839533692723	52.51485293530997
6	13.437028142857143	52.50868328571428
7	13.458221105691056	52.51120609756097
8	13.354412434782608	52.497304739130435
9	13.428344860465119	52.49343813953489
10	13.406784934065934	52.524242277472524
11	13.549163	52.44203100000001
12	13.4226641	52.53542430000001
13	13.402031785714287	52.52937613095239
14	13.367396750000001	52.55165225
15	13.199976500000002	52.5351565
16	13.340453666666667	52.48851466666667
17	13.436956666666667	52.53389933333333
18	13.4523215	52.51950564285713
19	13.412680101265824	52.54870244303797
20	13.596391	52.533838
21	13.296418	52.54854
22	13.575302	52.512653
23	13.290303150943394	52.554281754716975
24	13.413084	52.571486
25	13.421653	52.5523345
26	13.461910500000002	52.49376049999999
27	13.435020384615383	52.51018976923077
28	13.374591540229886	52.508928448275874
29	13.3692623	52.52510825
30	13.297234400000002	52.455969200000006
31	13.35293905882353	52.499275235294114
32	13.405819285714285	52.510666571428565
33	13.379961363636363	52.52270627272728
34	13.329793410447762	52.50397526119403
35	13.429767000000002	52.57829
36	13.377038	52.43709499999999
37	13.486831	52.540709
38	13.327649000000001	52.464670222222225
39	13.342761999999999	52.54204300000001
40	13.549989	52.430857
41	13.3512	52.484636
42	13.381501666666665	52.50758133333334
43	13.446038	52.52203000000001
44	13.370481	52.584520999999995
45	13.326204666666667	52.46279066666667
46	13.323143916666666	52.45971216666667
47	13.33374	52.515074
48	13.439152	52.5245755
49	13.511338	52.4558885
50	13.433447	52.526614
51	13.44533833333333	52.49944576190476
52	13.510339499999999	52.454788
53	13.317519999999998	52.441241
54	13.380760333333333	52.51897399999999
55	13.35531	52.5416675
56	13.306866933333335	52.50729253333334
57	13.30304	52.5049295
58	13.506	52.580313000000004
59	13.544244142857142	52.54362085714286
60	13.430693333333336	52.529149999999994
61	13.327443200000001	52.56342360000001
62	13.311741999999999	52.512049
63	13.32146825	52.56555925
64	13.400082666666664	52.509544000000005
65	13.38308118181818	52.50450236363636
66	13.431648000000001	52.50221545454545
67	13.424255666666667	52.53892922222222
68	13.409972146067414	52.53972511235956
69	13.40563	52.54672975
70	13.38358125	52.55568375
71	13.38744	52.541180000000004
72	13.342691379999998	52.50197344
73	13.282186	52.509602
74	13.609476999999998	52.492826
75	13.616833999999999	52.491315
76	13.350311333333332	52.55196466666666
77	13.403701000000002	52.51024
78	13.280135999999999	52.50713399999999
79	13.3815025	52.454308499999996
80	13.625558999999999	52.446847999999996
81	13.452755483870968	52.50853916129032
82	13.419058666666666	52.542944444444444
83	13.4568716	52.515774799999996
84	13.532378	52.524164
85	13.379408999999999	52.525684
86	13.418856	52.512538
87	13.364053250000001	52.543530999999994
88	13.5131385	52.53411800000001
89	13.289676	52.58733
90	13.354338	52.5492085
91	13.392055333333332	52.49739133333333
92	13.304487	52.619753
93	13.421623888888888	52.539637
94	13.513991	52.453412
95	13.45013	52.506479
96	13.348783350000001	52.49809825
97	13.318253	52.482415
98	13.422251999999999	52.433704000000006
99	13.489301	52.467375000000004
100	13.468798714285716	52.50693285714285
101	13.382076000000001	52.552615
102	13.383053750000002	52.55113150000001
103	13.440567809523808	52.50016730952381
104	13.431196	52.535938
105	13.463616	52.55415
106	13.4768456	52.513921200000006
107	13.460694	52.520337
108	13.4146605	52.530567000000005
109	13.497219	52.543229000000004
110	13.3812655	52.5280815
111	13.509054	52.45676233333333
112	13.369570000000001	52.46872
113	13.429587862068963	52.499214517241384
114	13.505025	52.564244599999995
115	13.367572000000001	52.50696800000001
116	13.439838	52.510001
117	13.388757600000002	52.54934600000001
118	13.381433	52.49312
119	13.434638	52.512493000000006
120	13.464475	52.547953
121	13.432685999999999	52.536101
122	13.337919	52.49101999999999
123	13.400300999999999	52.494577
124	13.473486999999999	52.504729000000005
125	13.351822	52.479330000000004
126	13.343034399999999	52.49926765
127	13.424716846153846	52.48727838461538
128	13.411598142857144	52.526517428571424
129	13.44118975	52.51746675
130	13.4428345	52.511276
131	13.350190333333332	52.514441999999995
132	13.418924697841726	52.500885755395686
133	13.408702333333332	52.50271466666667
134	13.417225	52.432885999999996
135	13.35277425	52.540129
136	13.227345999999999	52.444881
137	13.341860399999998	52.4959678
138	13.378666	52.56821
139	13.561098999999999	52.576115
140	13.401519	52.539811500000006
141	13.4027085	52.5411175
142	13.195569	52.420445
143	13.344821999999999	52.54654
144	13.262195	52.434630999999996
145	13.571876000000001	52.56435
146	13.403209666666669	52.542792999999996
147	13.564607	52.455101
148	13.400306	52.547951
149	13.439415	52.477091200000004
150	13.307801999999999	52.452546
151	13.442917999999999	52.505949
152	13.570976000000002	52.565472
153	13.369067	52.5442065
154	13.193292000000001	52.433178000000005
155	13.327226	52.5276758
156	13.5424005	52.542035999999996
157	13.474146777777777	52.51409288888889
158	13.471676	52.518356000000004
159	13.335620666666665	52.471806333333326
160	13.444477	52.478570999999995
161	13.386995166666665	52.492027404761906
162	13.378381	52.573288
163	13.379259545454545	52.529241727272726
164	13.265137	52.500401000000004
165	13.45093438095238	52.52237252380952
166	13.436085999999998	52.50691
167	13.307191666666666	52.50037699999999
168	13.437803	52.496407999999995
169	13.303161000000001	52.52468566666667
170	13.197671357142857	52.534032
171	13.196413	52.418692
172	13.364756	52.47617375
173	13.3954719	52.52066649999999
174	13.381825	52.573001
175	13.351047	52.549599
176	13.305245000000001	52.476271999999994
177	13.5156285	52.5669915
178	13.27069	52.574729000000005
179	13.495845999999998	52.473449
180	13.537408	52.570102
181	13.554492999999999	52.552932999999996
182	13.431247321428572	52.46819539285713
183	13.329831	52.515205
184	13.3211935	52.5280075
185	13.591516	52.534812
186	13.268266	52.534328
187	13.553066000000001	52.557667
188	13.468974	52.563665
189	13.485128	52.463696999999996
190	13.301639999999999	52.488655
191	13.486189999999999	52.61837
192	13.497664833333333	52.50973066666666
193	13.370247999999998	52.492817
194	13.44313525	52.46932225
195	13.285578	52.585078
196	13.605007	52.535515000000004
197	13.40612425	52.498386249999996
198	13.243910999999999	52.614762
199	13.203579428571429	52.53751771428572
200	13.2461375	52.613574
201	13.448235869565217	52.50352960869565
202	13.465626749999998	52.516306875
203	13.417475	52.504206
204	13.396422590909093	52.51378854545455
205	13.3972217	52.5367339
206	13.354798500000001	52.5056835
207	13.44571	52.501777000000004
208	13.389813	52.535079
209	13.469152	52.488739
210	13.177071	52.438354000000004
211	13.541207	52.543608
212	13.415455999999999	52.559881000000004
213	13.497041	52.51920849999999
214	13.287177500000002	52.588964000000004
215	13.286304999999999	52.58993050000001
216	13.386564000000002	52.531587
217	13.2835885	52.5008105
218	13.283769	52.51857749999999
219	13.433170999999998	52.4809015
220	13.280942000000001	52.51612900000001
221	13.375237615384616	52.51836792307692
222	13.313606	52.510201
223	13.414253500000001	52.543130500000004
224	13.415381428571427	52.527050571428575
225	13.592317000000001	52.454304
226	13.5090975	52.451094
227	13.429096181818183	52.48774081818181
228	13.410114111111113	52.550772888888886
229	13.418897800000002	52.514263400000004
230	13.2588524	52.431927599999995
231	13.468385	52.503406250000005
232	13.459325	52.548305000000006
233	13.32427	52.539001
234	13.3934605	52.54165675
235	13.485145000000001	52.503508999999994
236	13.536658	52.526742000000006
237	13.29561942857143	52.55576814285714
238	13.535070000000001	52.535777
239	13.547006	52.550332
240	13.395344	52.50224599999999
241	13.238869000000001	52.471279
242	13.384675000000001	52.507119
243	13.604144	52.53694599999999
244	13.429070999999999	52.528714
245	13.434659750000002	52.52929975
246	13.416901000000001	52.51164154545454
247	13.359813818181818	52.48978881818182
248	13.393153390243903	52.48912426829269
249	13.404285999999999	52.545317000000004
250	13.423708999999999	52.543957999999996
251	13.346257333333332	52.49740666666667
252	13.385496	52.49841315384616
253	13.399863333333334	52.532954
254	13.180193	52.421338500000005
255	13.391647333333331	52.54359033333333
256	13.488379	52.574158999999995
257	13.353098000000001	52.544323999999996
258	13.380901000000001	52.512453
259	13.4544366	52.5160258
260	13.23985525	52.514761500000006
261	13.532407333333333	52.431267
262	13.557843	52.553178
263	13.239899	52.516116000000004
264	13.3979855	52.510992
265	13.3218935	52.5125965
266	13.432938	52.484454333333325
267	13.322623	52.50893875
268	13.53514375	52.43281525
269	13.359456	52.56986800000001
270	13.341795199999998	52.5052952
271	13.228175	52.51006999999999
272	13.3034848	52.5062672
273	13.543439999999999	52.52855600000001
274	13.388482499999999	52.531985
275	13.415307285714286	52.54002951428572
276	13.407719	52.543999
277	13.44023	52.518249
278	13.288972	52.416672999999996
279	13.341265	52.47039
280	13.342101999999999	52.494817000000005
281	13.382437	52.48663199999999
282	13.610666	52.512068000000006
283	13.321387476190477	52.456737571428576
284	13.346243	52.518441
285	13.4234644	52.491457600000004
286	13.367397666666667	52.48784333333333
287	13.394471642857143	52.4911765
288	13.469667000000001	52.615504
289	13.262604000000001	52.540606000000004
290	13.37675	52.47571
291	13.373559	52.478128000000005
292	13.363064000000001	52.484281
293	13.442262999999999	52.529356
294	13.389482000000001	52.504594999999995
295	13.322643166666667	52.51111216666666
296	13.395990800000002	52.5321708
297	13.3575412	52.4995292
298	13.432239	52.49258999999999
299	13.420547999999998	52.524965333333334
300	13.404323333333332	52.569735333333334
301	13.121447	52.42969300000001
302	13.128319	52.43393199999999
303	13.377485	52.548607999999994
304	13.369171666666666	52.54082
305	13.382893	52.59184499999999
306	13.38695	52.510928750000005
307	13.400025	52.5183325
308	13.325178999999999	52.60716299999999
309	13.378862	52.51409616666667
310	13.298607	52.598175
311	13.324365	52.475544
312	13.370211	52.507380000000005
313	13.259542000000001	52.508016000000005
314	13.376114000000001	52.558478
315	13.41549704	52.51891244
316	13.410645111111112	52.503544444444444
317	13.387830874999999	52.500189750000004
318	13.509428333333332	52.574709000000006
319	13.336831	52.528876499999996
320	13.335428	52.488112
321	13.317866	52.50580600000001
322	13.304851000000001	52.49515400000001
323	13.451455000000001	52.50747766666667
324	13.466191	52.502325
325	13.434947999999999	52.5055715
326	13.4168722	52.52348820000001
327	13.433111666666667	52.505912
328	13.423389666666667	52.511236000000004
329	13.421861999999999	52.49304
330	13.331795000000001	52.510746999999995
331	13.603597333333333	52.537730333333336
332	13.41522975	52.494979750000006
333	13.256879000000001	52.434005000000006
334	13.3098745	52.508123999999995
335	13.215336	52.4272475
336	13.60925	52.505212
337	13.290914	52.596512
338	13.367513	52.46984499999999
339	13.488894	52.547808999999994
340	13.421736857142857	52.48709085714286
341	13.437308000000002	52.4935278
342	13.196228	52.53038299999999
343	13.417391	52.484501
344	13.548684333333332	52.43804033333333
345	13.383536	52.48996700000001
346	13.408046000000002	52.51818900000001
347	13.470510428571428	52.510991571428576
348	13.328098	52.486600499999994
349	13.4340696	52.498322599999995
350	13.347826333333336	52.548470333333334
351	13.443207000000001	52.524328000000004
352	13.382686666666666	52.499102666666666
353	13.395569	52.496986
354	13.395145000000001	52.54165
355	13.379133500000002	52.544827
356	13.420342	52.535883
357	13.331744	52.484598
358	13.32105075757576	52.50495072727273
359	13.430709799999999	52.4864266
360	13.407451000000002	52.532121999999994
361	13.422184285714284	52.544833571428576
362	13.3270886	52.5120548
363	13.361585	52.545356000000005
364	13.45269405882353	52.51265729411765
365	13.421138458333331	52.496026083333334
366	13.395650076923076	52.52902887179487
367	13.278079666666667	52.50514805555556
368	13.319224199999999	52.498145199999996
369	13.477242000000002	52.518179
370	13.277965	52.566673
371	13.378271	52.495537
372	13.419122090909093	52.53821890909091
373	13.434685	52.511529
374	13.274847	52.584480000000006
375	13.312429999999999	52.585412
376	13.229197666666666	52.625571
377	13.432596000000002	52.50886199999999
378	13.33959	52.524106999999994
379	13.379166000000001	52.5368662
380	13.274696500000001	52.587734
381	13.435464000000001	52.517669999999995
382	13.302114666666666	52.52194600000001
383	13.2988654	52.5062016
384	13.430233	52.552325
385	13.475351999999999	52.51864200000001
386	13.373793	52.55695324999999
387	13.4013964	52.5328612
388	13.3853345	52.541278000000005
389	13.431664625	52.5122635
390	13.320183333333333	52.471899666666665
391	13.46633342857143	52.51438228571429
392	13.462367153846154	52.515018076923084
393	13.439092499999997	52.540535999999996
394	13.590354999999999	52.522365
395	13.344480333333332	52.48469599999999
396	13.214869499999999	52.5284925
397	13.3946205	52.54068049999999
398	13.612257	52.5118085
399	13.3212395	52.4746945
400	13.618966	52.496193000000005
401	13.538654000000001	52.539784
402	13.527303	52.424957
403	13.435215666666666	52.49144366666667
404	13.398263	52.569178
405	13.422788666666667	52.52109333333333
406	13.479534000000001	52.523624999999996
407	13.391776	52.49894200000001
408	13.317569333333333	52.491602
409	13.289053500000001	52.5886205
410	13.3558015	52.48577625
411	13.547312	52.499508
412	13.441189999999999	52.556987
413	13.32981425	52.52366225
414	13.37036	52.561724
415	13.37512225	52.499042890625
416	13.359804	52.5539445
417	13.52004	52.510842000000004
418	13.385559666666667	52.52347333333333
419	13.4014835	52.55436
420	13.396718749999998	52.51822766666667
421	13.472917	52.509113
422	13.374438	52.526182999999996
423	13.296547	52.510893
424	13.371553	52.51013100000001
425	13.407614500000001	52.548919250000004
426	13.300180571428571	52.50494885714285
427	13.484907000000002	52.506671999999995
428	13.349453	52.492275500000005
429	13.4647045	52.5237245
430	13.541632	52.430322
431	13.504907750000001	52.54861425
432	13.317745076923075	52.50205292307692
433	13.313416666666667	52.504804
434	13.465622499999998	52.5226125
435	13.405166	52.513009
436	13.376171	52.501862
437	13.3990075	52.519106
438	13.505723000000001	52.576035
439	13.547138	52.43183199999999
440	13.574597333333331	52.44594466666666
441	13.445727999999999	52.461617000000004
442	13.456517000000002	52.499545
443	13.559532	52.509927000000005
444	13.3513865	52.5476665
445	13.456470999999999	52.555181000000005
446	13.555956	52.508866000000005
447	13.464440999999999	52.50963833333333
448	13.3768334	52.5062724
449	13.400756	52.58101800000001
450	13.318863	52.505003
451	13.462633199999999	52.523368600000005
452	13.470343333333332	52.508669000000005
453	13.443848000000001	52.516691
454	13.456494000000001	52.513251000000004
455	13.292813	52.55250699999999
456	13.206320000000002	52.430716000000004
457	13.561378	52.447117000000006
458	13.591106	52.542663
459	13.496279999999999	52.464971
460	13.207535	52.551453
461	13.351868	52.575678
462	13.505443	52.458912
463	13.205164000000002	52.539056
464	13.31236425	52.499107499999994
465	13.380490666666667	52.504573
466	13.199767000000001	52.546366000000006
467	13.446102333333334	52.516771000000006
468	13.3413456	52.526212400000006
469	13.255426	52.5192565
470	13.407088	52.535113
471	13.3311365	52.513263
472	13.326094	52.509855
473	13.418206727272725	52.493524
474	13.321378666666666	52.51360366666666
475	13.2958605	52.519852
476	13.410554000000001	52.570888000000004
477	13.363309499999998	52.50724483333334
478	13.288874333333332	52.452233666666665
479	13.3579928	52.5516294
480	13.404285999999999	52.512379
481	13.323424000000001	52.52530933333333
482	13.337202829268294	52.50284936585365
483	13.5119555	52.5659585
484	13.410180749999999	52.54227525
485	13.451831799999999	52.548558
486	13.424461333333333	52.49746766666667
487	13.313025	52.503921999999996
488	13.361758142857143	52.497570142857136
489	13.396367999999999	52.50393199999999
490	13.398764000000002	52.497268000000005
491	13.427674666666666	52.51871883333333
492	13.454293333333332	52.521888333333344
493	13.313440176470587	52.50123023529412
494	13.452897	52.532647
495	13.338261	52.507445
496	13.335489	52.507979000000006
497	13.457014	52.52857816666667
498	13.359459	52.496289000000004
499	13.393759833333332	52.50564416666666
500	13.419058333333334	52.510715
501	13.398270499999999	52.554576
502	13.567343	52.567625
503	13.565282999999999	52.571342
504	13.193743	52.432047999999995
505	13.177959333333334	52.421387333333335
506	13.496424	52.534897
507	13.32432	52.51231200000001
508	13.340384	52.497451
509	13.322863	52.598335
510	13.3799435	52.48962349999999
511	13.407301	52.533218999999995
512	13.44031	52.507688
513	13.325595400000001	52.5052744
514	13.440026666666666	52.51299383333333
515	13.365973	52.525645999999995
516	13.346184428571428	52.52412142857143
517	13.461095000000002	52.50230500000001
518	13.4540675	52.529407500000005
519	13.382182	52.534537
520	13.443446	52.546478
521	13.432141	52.528404
522	13.3126572	52.4798354
523	13.322254000000001	52.523525
524	13.333162666666668	52.49332022222222
525	13.358332444444445	52.54674933333333
526	13.378731400000001	52.509547
527	13.43243726666667	52.53150046666666
528	13.35488	52.50206800000001
529	13.395553	52.517736
530	13.552435000000001	52.549158999999996
531	13.376653	52.513197999999996
532	13.416786076923078	52.53536753846154
533	13.377968	52.49900699999999
534	13.335666000000002	52.513621666666666
535	13.387274999999999	52.530517499999995
536	13.434648999999999	52.53318
537	13.292005666666665	52.457617600000006
538	13.499491	52.545237
539	13.242892000000001	52.511283
540	13.428531812500001	52.5326324375
541	13.561547000000001	52.505625
542	13.4808	52.514981000000006
543	13.479189600000002	52.51597840000001
544	13.4795605	52.519895500000004
545	13.348179	52.517115000000004
546	13.4089645	52.479237
547	13.391492000000001	52.499804000000005
548	13.41438725	52.55342275
549	13.404623999999998	52.518544999999996
550	13.352732999999999	52.567716000000004
551	13.440863	52.5161855
552	13.397972	52.514462
553	13.4820315	52.51327
554	13.391931499999998	52.484543
555	13.331173	52.4909035
556	13.380838	52.560287
557	13.41885157142857	52.534644571428565
558	13.305724333333336	52.52566766666666
559	13.608081	52.535810999999995
560	13.289251	52.507811
561	13.426959	52.531052
562	13.423188	52.527327
563	13.4246522	52.528701999999996
564	13.477522333333333	52.53318866666666
565	13.475611	52.529244000000006
566	13.695772	52.374834
567	13.401623800000001	52.5363636
568	13.462467000000002	52.549443999999994
569	13.41172	52.515132
570	13.436760999999999	52.479654000000004
571	13.440144499999997	52.47921066666667
572	13.35895	52.534242500000005
573	13.338562	52.514683
574	13.408748999999998	52.532853
575	13.450513	52.499788
576	13.46762069230769	52.50506169230769
577	13.435867000000002	52.501478999999996
578	13.394712	52.57735
579	13.412923499999998	52.546007
580	13.404910428571428	52.52801042857143
581	13.533674	52.529655000000005
582	13.258179	52.435233
583	13.377689000000002	52.520393000000006
584	13.503720999999999	52.573043999999996
585	13.315204000000001	52.492436
586	13.499589000000002	52.541447
587	13.308148749999999	52.50285675
588	13.258278	52.545543
589	13.306804000000001	52.44800600000001
590	13.210353	52.427014
591	13.191311999999998	52.434003999999995
592	13.329978	52.464454
593	13.328982	52.463325
594	13.498961999999999	52.51869
595	13.431728666666666	52.482564999999994
596	13.486410000000001	52.422979
597	13.392894	52.5274965
598	13.348531	52.544107999999994
599	13.520563000000001	52.418065999999996
600	13.391600833333335	52.528120333333334
601	13.433353499999997	52.48195066666667
602	13.261097	52.488238
603	13.268738	52.406040000000004
604	13.368676	52.54004200000001
605	13.40482053333333	52.53398640000001
606	13.389768	52.5241005
607	13.372185	52.52821899999999
608	13.32177825	52.477273999999994
609	13.423165	52.51998166666667
610	13.340710000000001	52.502786
611	13.408412249999998	52.53433225
612	13.4437645	52.4844765
613	13.391817166666664	52.51988133333334
614	13.287191	52.417105
615	13.319730999999999	52.459309999999995
616	13.436964	52.482204499999995
617	13.514171	52.497009
618	13.5554935	52.5131935
619	13.436178666666668	52.49815800000001
620	13.476061999999999	52.540449
621	13.331893000000003	52.507948
622	13.541196	52.43493166666667
623	13.3149735	52.50621816666668
624	13.408895000000001	52.48171
625	13.260518000000001	52.516251857142855
626	13.287751	52.4526025
627	13.363966	52.549541000000005
628	13.378698000000002	52.517968999999994
629	13.344676000000002	52.496433999999994
630	13.58813	52.521693000000006
631	13.3288545	52.567856500000005
632	13.426302	52.51344399999999
633	13.45929957142857	52.474116428571435
634	13.457673000000002	52.472952
635	13.355738	52.538047
636	13.270821545454545	52.50192327272726
637	13.454958999999999	52.473806999999994
638	13.420482250000001	52.532992
639	13.328755000000001	52.534149
640	13.431945	52.526247999999995
641	13.34865590909091	52.50108772727274
642	13.438198000000002	52.490501
643	13.375641600000003	52.503837
644	13.486226	52.50128
645	13.550028999999999	52.438989
646	13.387659	52.478958999999996
647	13.288913	52.522084
648	13.467622	52.480109
649	13.561665	52.555930000000004
650	13.4274075	52.5418305
651	13.625117000000001	52.45448100000001
652	13.275217999999999	52.597678
653	13.422568	52.495245
654	13.624973	52.453244999999995
655	13.400273	52.546478
656	13.4094515	52.494982
657	13.577829	52.4581705
658	13.489838	52.527606000000006
659	13.556374	52.546606999999995
660	13.44714	52.526402999999995
661	13.573893	52.412998
662	13.410081000000002	52.51245949999999
663	13.269813000000001	52.509655
664	13.294898000000002	52.59297900000001
665	13.490286	52.543583
666	13.416165166666666	52.528644500000006
667	13.293444000000001	52.557636
668	13.284972	52.588381000000005
669	13.3248695	52.499265
670	13.545176999999999	52.435283
671	13.4376565	52.484983
672	13.324724	52.479946999999996
673	13.506039999999999	52.522608
674	13.546520999999998	52.574163
675	13.25634	52.537016
676	13.475903	52.539694
677	13.3707005	52.5401395
678	13.560066	52.447292000000004
679	13.4280985	52.5477025
680	13.524942000000001	52.498328
681	13.462807000000002	52.520355499999994
682	13.505759	52.577967
683	13.327014333333333	52.501893333333335
684	13.390445000000001	52.429993
685	13.411484999999999	52.554905
686	13.396604	52.523076
687	13.376534499999998	52.5288885
688	13.419115000000001	52.53081950000001
689	13.420591	52.491174
690	13.4493285	52.503204
691	13.29132	52.581425
692	13.580475	52.45851999999999
693	13.329548999999998	52.521287
694	13.344794	52.547822
695	13.375264000000001	52.537318000000006
696	13.281882	52.5893085
697	13.552325	52.505573999999996
698	13.411791000000001	52.49209200000001
699	13.415277333333336	52.49301833333333
700	13.492868	52.544309999999996
701	13.3165955	52.500199499999994
702	13.489328	52.542308999999996
703	13.441193	52.471109
704	13.402976999999998	52.474416000000005
705	13.450727333333333	52.496915666666666
706	13.305017999999999	52.521191
707	13.397687	52.474229
708	13.417698999999999	52.491094
709	13.459239000000002	52.505747
710	13.470697	52.486647999999995
711	13.387903	52.48998100000001
712	13.424612	52.519805000000005
713	13.303414000000002	52.448997999999996
714	13.400784	52.524998499999995
715	13.352832999999999	52.484559
716	13.507060666666666	52.446896333333335
717	13.277047	52.5015
718	13.491354999999999	52.49325
719	13.515263000000001	52.480917000000005
720	13.217239000000001	52.442775
721	13.384383	52.4839315
722	13.440513500000002	52.474502
723	13.328490500000001	52.457516000000005
724	13.232431	52.451930000000004
725	13.259125	52.579062
726	13.320592999999999	52.616234
727	13.500438	52.480029
728	13.433998999999998	52.49592225000001
729	13.285839999999999	52.567664
730	13.367089000000002	52.521104
731	13.38315125	52.494032749999995
732	13.485975	52.45971
733	13.625187	52.445652
734	13.453895625	52.49721475
735	13.651714000000002	52.438537
736	13.385290666666668	52.45547133333333
737	13.394159	52.569701
738	13.388152	52.560928000000004
739	13.455504999999999	52.508322
740	13.3035285	52.5158245
741	13.5092645	52.561003
742	13.389846250000002	52.481583125
743	13.429241000000001	52.491220999999996
744	13.368194	52.524074
745	13.441407	52.491620999999995
746	13.352282999999998	52.596493
747	13.427078	52.474313
748	13.408306399999997	52.5119404
749	13.381914428571429	52.501679714285714
750	13.435271749999998	52.48098375
751	13.24932	52.436028
752	13.336179000000001	52.595788
753	13.380051	52.5034915
754	13.310279999999999	52.516456000000005
755	13.230073	52.431104000000005
756	13.300738	52.491038
757	13.3794	52.524305999999996
758	13.3454678	52.506741399999996
759	13.425292333333333	52.541864000000004
760	13.259814000000002	52.433502000000004
761	13.326172	52.52173199999999
762	13.3732045	52.5439465
763	13.3821725	52.489757499999996
764	13.355948999999999	52.476884999999996
765	13.546457	52.543939
766	13.383221333333333	52.51186333333333
767	13.329054999999999	52.52254
768	13.453810999999998	52.553741
769	13.437173999999999	52.544276
770	13.351704999999999	52.5034354
771	13.43508925	52.468919125
772	13.450555666666666	52.501100666666666
773	13.377152666666666	52.521949666666664
774	13.199686999999999	52.431158999999994
775	13.451170999999999	52.504075
776	13.439515	52.4755725
777	13.3694275	52.510002
778	13.3200915	52.60683
779	13.352388111111111	52.55020177777778
780	13.322227000000002	52.486279999999994
781	13.383706666666667	52.50352833333333
782	13.589616	52.512029000000005
783	13.252771	52.483107999999994
784	13.398305	52.520458
785	13.3854	52.51359300000001
786	13.29165925	52.55205899999999
787	13.407527250000001	52.516738999999994
788	13.288621333333332	52.55197233333333
789	13.348608333333333	52.482003
790	13.474615250000001	52.535813
791	13.333101999999998	52.595744999999994
792	13.535929000000001	52.550270999999995
793	13.3499355	52.4810585
794	13.413793	52.542317000000004
795	13.2827445	52.590403499999994
796	13.558917000000001	52.407424500000005
797	13.537358	52.533775
798	13.561317	52.421526
799	13.33045	52.458311
800	13.236189999999999	52.570147999999996
801	13.372224	52.55893199999999
802	13.435122250000001	52.485983000000004
803	13.324126999999999	52.505908
804	13.280773000000002	52.508366
805	13.3656768	52.5027606
806	13.367920999999999	52.503909
807	13.429499	52.53648199999999
808	13.3569825	52.486782500000004
809	13.3475195	52.5200595
810	13.469191333333333	52.514026
811	13.374406	52.503364000000005
812	13.2938	52.51984399999999
813	13.354118	52.47130500000001
814	13.389764	52.497859
815	13.549619	52.46069
816	13.41673	52.52541
817	13.435641666666667	52.48419166666667
818	13.425335	52.543383
819	13.407004999999998	52.554021999999996
820	13.339882399999999	52.45085720000001
821	13.442641	52.509361
822	13.415571199999999	52.5440694
823	13.371512	52.469362
824	13.332838	52.596757999999994
825	13.402972	52.539379000000004
826	13.455604000000001	52.472864
827	13.447792	52.513275
828	13.302116999999999	52.4993234
829	13.451774333333333	52.51606900000001
830	13.620866	52.446403000000004
831	13.392140000000003	52.530041000000004
832	13.408266999999999	52.5540935
833	13.50945	52.453058
834	13.4632515	52.560069999999996
835	13.460841	52.5598705
836	13.482078	52.511348999999996
837	13.431668	52.514998
838	13.423192000000002	52.51382099999999
839	13.48686	52.53394
840	13.401003	52.515692
841	13.494945000000001	52.513466
842	13.383711833333331	52.523356
843	13.457525	52.52753700000001
844	13.419928500000001	52.5537065
845	13.401529142857143	52.511165285714284
846	13.42428688888889	52.533204222222224
847	13.437010999999998	52.52799
848	13.289283	52.51062533333333
849	13.43308175	52.51044775000001
850	13.437438	52.518910999999996
851	13.323731	52.607383999999996
852	13.434520000000001	52.535790000000006
853	13.381314999999999	52.509586999999996
854	13.519886999999999	52.513978
855	13.323348000000001	52.513366000000005
856	13.295523999999999	52.580873
857	13.347913	52.515393
858	13.324887499999999	52.5179035
859	13.391298999999998	52.501949
860	13.3780715	52.507581
861	13.383965	52.508803
862	13.347249	52.427954
863	13.381144	52.525845
864	13.358283	52.505327
865	13.441235999999998	52.53082
866	13.288207	52.447151
867	13.282542000000001	52.451138
868	13.393573000000002	52.426838000000004
869	13.572320999999999	52.567820999999995
870	13.477467	52.523134500000005
871	13.403996500000002	52.489806
872	13.465376000000001	52.55372
873	13.329007999999998	52.50122399999999
874	13.240972	52.496421
875	13.360833999999999	52.530320999999994
876	13.465741999999999	52.493168
877	13.434254999999999	52.522622
878	13.244979	52.539803000000006
879	13.2998665	52.530417
880	13.217948999999999	52.427149
881	13.3900775	52.493375
882	13.430786999999999	52.49120500000001
883	13.307701000000002	52.42937
884	13.330914	52.4889315
885	13.498828	52.54415600000001
886	13.418381	52.497074
887	13.271855	52.53649300000001
888	13.381345750000001	52.5148465
889	13.378279000000001	52.430661
890	13.326446111111112	52.508762000000004
891	13.330279	52.531158999999995
892	13.456251000000002	52.490317000000005
893	13.425623555555555	52.48105344444444
894	13.359594	52.543642000000006
895	13.377663	52.563986
896	13.45051525	52.4741185
897	13.388897	52.503363
898	13.4996806	52.50497839999999
899	13.308098000000001	52.510289
900	13.292262	52.465137
901	13.350268	52.598662
902	13.426914	52.5431155
903	13.370038000000001	52.515995
904	13.553779	52.52040600000001
905	13.35045925	52.5414625
906	13.308622999999999	52.51173899999999
907	13.315028	52.547492000000005
908	13.442921000000002	52.520849000000005
909	13.443682	52.479709
910	13.238022	52.433076
911	13.436397	52.52956700000001
912	13.3286275	52.564603000000005
913	13.392758	52.539247
914	13.412759	52.568427
915	13.40086	52.386685
916	13.3049715	52.514559000000006
917	13.391304000000002	52.5358485
918	13.236123000000001	52.492284
919	13.320484	52.48760600000001
920	13.152532999999998	52.412686
921	13.436113	52.53940600000001
922	13.410777000000001	52.536698333333334
923	13.461374	52.470998
924	13.3668625	52.542793
925	13.396188666666667	52.538456
926	13.319998333333336	52.51989566666666
927	13.356103	52.473636
928	13.28198633333333	52.44768933333333
929	13.467822	52.521522
930	13.578393	52.51942
931	13.306289000000001	52.501985999999995
932	13.502841	52.571994
933	13.378433333333334	52.51223366666667
934	13.313945	52.419095
935	13.510314000000001	52.539725
936	13.496986499999998	52.416163
937	13.486182	52.514435500000005
938	13.360925	52.553341
939	13.350910999999998	52.555978
940	13.273673	52.436477000000004
941	13.332510000000001	52.54953199999999
942	13.330193	52.543973
943	13.329117000000002	52.56221800000001
944	13.455064	52.4292275
945	13.414747999999998	52.512729666666665
946	13.347457	52.575355
947	13.506697	52.565023
948	13.3634235	52.529145
949	13.319554	52.493475
950	13.314420285714286	52.49047757142857
951	13.263179999999998	52.537973
952	13.529710999999999	52.564816
953	13.389523	52.498916
954	13.353889250000002	52.489833125000004
955	13.491805	52.55899399999999
956	13.423329999999998	52.478775
957	13.400841999999999	52.52779633333333
958	13.38803025	52.5090825
959	13.349185999999998	52.52636999999999
960	13.405466	52.542929
961	13.384822	52.533554
962	13.43931	52.488609
963	13.674961999999999	52.44548100000001
964	13.411024	52.56109300000001
965	13.458684	52.556583999999994
966	13.457707	52.549903666666665
967	13.426170666666666	52.47863133333334
968	13.46636	52.511759
969	13.359484	52.533319999999996
970	13.473358	52.47846800000001
971	13.526513999999999	52.457327500000005
972	13.537817	52.452479000000004
973	13.274348000000002	52.6041
974	13.574638	52.448438
975	13.474066	52.56626899999999
976	13.528782999999999	52.45244
977	13.442606499999998	52.504153
978	13.321457	52.49967640000001
979	13.330009999999998	52.52727560000001
980	13.398306	52.503424
981	13.344342999999999	52.510588
982	13.377506999999998	52.5349285
983	13.422496999999998	52.526033500000004
984	13.364660666666666	52.51882333333333
985	13.458013000000001	52.506035
986	13.387132666666666	52.496209666666665
987	13.340106	52.504105
988	13.351621000000002	52.504997
989	13.296092000000002	52.51747099999999
990	13.130153	52.458546999999996
991	13.572130999999999	52.412623999999994
992	13.413472	52.496548
993	13.459529000000002	52.491808999999996
994	13.394909	52.522498
995	13.402623	52.570071
996	13.205438000000001	52.535203
997	13.210607000000001	52.58534
998	13.348153	52.507249
999	13.398666	52.547926000000004
1000	13.300409	52.503292
1001	13.349235	52.511978000000006
1002	13.276969000000001	52.5080435
1003	13.331346	52.614627
1004	13.550125	52.511905000000006
1005	13.358447499999999	52.507715499999996
1006	13.293573	52.463529
1007	13.421915	52.513912
1008	13.410884000000001	52.513498
1009	13.437265	52.487549
1010	13.450731	52.489235
1011	13.441217000000002	52.481475
1012	13.346796000000001	52.50394775
1013	13.518332999999998	52.551797
1014	13.326884999999999	52.5204395
1015	13.428394	52.545811
1016	13.337491	52.47958266666666
1017	13.334029000000001	52.593619999999994
1018	13.4056475	52.514766
1019	13.438091	52.471429
1020	13.469560000000001	52.584552
1021	13.434370666666666	52.531879333333336
1022	13.357822	52.538861
1023	13.435362	52.525321
1024	13.504411	52.574118000000006
1025	13.277589	52.510371
1026	13.443547	52.591494999999995
1027	13.271956	52.50073199999999
1028	13.2942575	52.4615295
1029	13.343364499999998	52.53603425000001
1030	13.541389	52.516955
1031	13.270242999999999	52.53655500000001
1032	13.323641000000002	52.523567500000006
1033	13.3462765	52.48934249999999
1034	13.272813333333332	52.501499333333335
1035	13.448064000000002	52.521824
1036	13.329238	52.543425
1037	13.513956	52.468351
1038	13.327425	52.561756
1039	13.420556	52.505114
1040	13.525585999999999	52.483225
1041	13.393718	52.470822
1042	13.322865	52.517193999999996
1043	13.4658135	52.501008
1044	13.385259	52.471376
1045	13.561864000000002	52.443433
1046	13.323669	52.565186
1047	13.3490815	52.48953675
1048	13.407847	52.49981700000001
1049	13.426015499999998	52.544769
1050	13.497371	52.48783100000001
1051	13.416323	52.53935
1052	13.667523999999998	52.447638
1053	13.534517000000001	52.431766
1054	13.523594	52.4967345
1055	13.525554999999999	52.492488
1056	13.231448	52.570747499999996
1057	13.5529145	52.4396085
1058	13.619368	52.44625500000001
1059	13.289291	52.458903
1060	13.239545000000001	52.454395
1061	13.411373666666664	52.491211
1062	13.440951	52.511754
1063	13.323475	52.464487
1064	13.378601000000002	52.486753
1065	13.414907999999999	52.51409266666667
1066	13.341509	52.518577
1067	13.19797	52.536351499999995
1068	13.363367333333334	52.50041677777778
1069	13.43449	52.493316
1070	13.143710999999998	52.46828000000001
1071	13.426128	52.436765
1072	13.546751	52.463966000000006
1073	13.542793	52.460930000000005
1074	13.542992000000002	52.458104000000006
1075	13.551917999999999	52.459322
1076	13.548438	52.466549
1077	13.553756	52.468615
1078	13.527267000000002	52.468228
1079	13.450054999999999	52.495506000000006
1080	13.470912	52.493351000000004
1081	13.355085999999998	52.489214000000004
1082	13.291175	52.498582999999996
1083	13.153381	52.421895
1084	13.176442999999999	52.420262
1085	13.147875500000001	52.451476
1086	13.28404125	52.50683025000001
1087	13.367714	52.508657
1088	13.422520777777779	52.53721377777778
1089	13.357122	52.492436
1090	13.32996	52.598268000000004
1091	13.318431	52.443746
1092	13.354058799999999	52.494497
1093	13.446219	52.509879500000004
1094	13.366299	52.54876899999999
1095	13.409114333333333	52.519242
1096	13.413279999999999	52.56292
1097	13.522274	52.402687
1098	13.229234	52.515718
1099	13.550304999999998	52.43006
1100	13.212503	52.540601
1101	13.308021	52.517231
1102	13.3423095	52.4780985
1103	13.413273499999999	52.511246
1104	13.395778	52.423346
1105	13.30496375	52.512645250000006
1106	13.391154	52.50311800000001
1107	13.354907999999998	52.491847
1108	13.45606075	52.517714999999995
1109	13.400123	52.487413000000004
1110	13.338733	52.588736
1111	13.330607999999998	52.602244999999996
1112	13.528720999999999	52.428001
1113	13.306870000000002	52.61786800000001
1114	13.39863275	52.53173125000001
1115	13.325085999999999	52.461108499999995
1116	13.3217525	52.47322
1117	13.445609	52.463085
1118	13.453121	52.4648
1119	13.338719000000001	52.493102
1120	13.3563	52.576252000000004
1121	13.297325	52.519521999999995
1122	13.298459	52.519240999999994
1123	13.307210000000001	52.524368
1124	13.381948000000001	52.53967900000001
1125	13.545413	52.462115000000004
1126	13.404048999999999	52.508393999999996
1127	13.436532500000002	52.522151
1128	13.261737	52.444790000000005
1129	13.294766000000001	52.62507900000001
1130	13.308048000000001	52.589636
1131	13.309336499999999	52.589923999999996
1132	13.4286245	52.5469875
1133	13.206356	52.540690000000005
1134	13.259398999999998	52.430291000000004
1135	13.299771	52.52006
1136	13.305795000000002	52.480663
1137	13.30521	52.511255000000006
1138	13.27329	52.509668000000005
1139	13.400661999999999	52.534144999999995
1140	13.28476	52.521016
1141	13.392319	52.490407
1142	13.426160000000001	52.485606999999995
1143	13.352916	52.517421999999996
1144	13.447738000000001	52.511703000000004
1145	13.379038000000001	52.532802000000004
1146	13.312893999999998	52.439726
1147	13.4081895	52.489582500000004
1148	13.367009	52.5188
1149	13.478422	52.50130600000001
1150	13.320513	52.467119
1151	13.3847675	52.5322185
1152	13.3303	52.571034999999995
1153	13.394870999999998	52.483109
1154	13.337195999999999	52.458711
1155	13.314207999999999	52.525921
1156	13.312286499999999	52.4896545
1157	13.301058000000001	52.51442900000001
1158	13.376165	52.519512999999996
1159	13.624629	52.451396
1160	13.352027000000001	52.50705171428571
1161	13.427632000000001	52.552672666666666
1162	13.3802935	52.52002949999999
1163	13.218054	52.600649
1164	13.210479000000001	52.608529000000004
1165	13.130851000000002	52.472325
1166	13.354462333333332	52.48776266666667
1167	13.3285355	52.47807375000001
1168	13.333114000000002	52.478702
1169	13.476410000000001	52.499437
1170	13.492284	52.636148999999996
1171	13.280757999999999	52.595321
1172	13.408614	52.552988
1173	13.387363	52.567966000000006
1174	13.438526999999999	52.542556999999995
1175	13.492664000000001	52.520701
1176	13.306146000000002	52.578694
1177	13.427663	52.490165000000005
1178	13.455634	52.525517
1179	13.328752	52.471493
1180	13.309192500000002	52.501058
1181	13.453593	52.424310999999996
1182	13.462652333333333	52.486728666666664
1183	13.380360999999999	52.498929000000004
1184	13.293149	52.47009499999999
1185	13.459656333333333	52.499222
1186	13.309700499999998	52.526990999999995
1187	13.458134	52.505022
1188	13.512615	52.50741899999999
1189	13.421038000000001	52.481811
1190	13.306729500000001	52.520749
1191	13.336068666666668	52.511338333333335
1192	13.459023888888888	52.51782061111112
1193	13.334811666666667	52.50347133333333
1194	13.372034999999999	52.5161325
1195	13.305989000000002	52.550442000000004
1196	13.407254	52.513008
1197	13.457351000000001	52.485812
1198	13.396441000000001	52.484303000000004
1199	13.442870000000001	52.475103000000004
1200	13.471075	52.428822
1201	13.556282000000001	52.570412
1202	13.484086999999999	52.549323
1203	13.399817	52.49678
1204	13.465457500000001	52.507135
1205	13.349894	52.549303
1206	13.308035	52.459095999999995
1207	13.3273875	52.496503
1208	13.301788	52.511152
1209	13.526692	52.48275
1210	13.380189000000001	52.488477
1211	13.433082	52.463933
1212	13.4283125	52.480034
1213	13.430344000000002	52.50583950000001
1214	13.338142000000001	52.456591
1215	13.412804000000001	52.580204
1216	13.305751	52.509755000000006
1217	13.324470999999999	52.51158100000001
1218	13.49974	52.439921999999996
1219	13.295799	52.497808
1220	13.27472957142857	52.50372285714286
1221	13.413448	52.506801
1222	13.462365	52.469731
1223	13.296332999999999	52.576986
1224	13.375829000000001	52.521843000000004
1225	13.471588	52.515388
1226	13.485857000000001	52.524043999999996
1227	13.292635	52.550720999999996
1228	13.726254999999998	52.424991
1229	13.292883499999999	52.500918
1230	13.281922	52.477576
1231	13.34371	52.506145
1232	13.606806	52.505469999999995
1233	13.437438	52.505826
1234	13.310286999999999	52.501929000000004
1235	13.521692999999999	52.497549
1236	13.467635666666666	52.512598
1237	13.322068	52.487714000000004
1238	13.419801	52.545592
1239	13.349796	52.43408
1240	13.4245822	52.5037932
1241	13.162927999999999	52.428476
1242	13.321095000000001	52.49092099999999
1243	13.451630999999999	52.471283
1244	13.385597	52.50179750000001
1245	13.431707500000002	52.490656
1246	13.298454999999999	52.50260699999999
1247	13.348447	52.494491000000004
1248	13.383239857142858	52.519385857142865
1249	13.353069	52.521861
1250	13.355503333333333	52.519974
1251	13.350209	52.520171999999995
1252	13.354404999999998	52.516868
1253	13.352594499999999	52.54729499999999
1254	13.351512	52.546668999999994
1255	13.351370999999999	52.545173
1256	13.426739999999999	52.504727
1257	13.497546	52.508113
1258	13.354830999999999	52.486565000000006
1259	13.640414000000002	52.447798999999996
1260	13.2895435	52.496767
1261	13.26029	52.435019999999994
1262	13.445943	52.494905
1263	13.502524	52.555778000000004
1264	13.286791000000001	52.432772
1265	13.443647	52.527747999999995
1266	13.333056	52.52712466666666
1267	13.412968	52.491285999999995
1268	13.33486	52.517161
1269	13.303946	52.508143000000004
1270	13.446640333333335	52.500189
1271	13.388593	52.506475
1272	13.463745000000001	52.535438
1273	13.510898000000001	52.630875
1274	13.374673999999999	52.520203
1275	13.3490125	52.5421385
1276	13.37251333333333	52.52010166666667
1277	13.416283	52.521029166666665
1278	13.3941005	52.515776
1279	13.370125	52.520151
1280	13.557172	52.433527000000005
1281	13.379021	52.553008
1282	13.372485999999999	52.521992000000004
1283	13.475744	52.553275
1284	13.48045	52.540926
1285	13.50058	52.531577
1286	13.459397000000001	52.496077
1287	13.3806695	52.4397595
1288	13.465380999999999	52.435947
1289	13.357712	52.475442
1290	13.2936485	52.49755400000001
1291	13.3064105	52.5235665
1292	13.338404999999998	52.500193
1293	13.445346999999998	52.474158249999995
1294	13.465183999999999	52.497417000000006
1295	13.128465	52.415182
1296	13.430304999999999	52.47551
1297	13.377561	52.43426233333334
1298	13.325998000000002	52.564441
1299	13.30671	52.444366
1300	13.487326999999999	52.512251
1301	13.355104999999998	52.514811
1302	13.288276999999999	52.457646999999994
1303	13.382828	52.521944
1304	13.374998000000001	52.50151999999999
1305	13.27554	52.478363
1306	13.281023000000001	52.476631999999995
1307	13.299976999999998	52.487999
1308	13.343525	52.52963050000001
1309	13.431638000000001	52.603867
1310	13.41638975	52.51623275
1311	13.443628499999999	52.565349499999996
1312	13.294851999999999	52.456275500000004
1313	13.366605999999999	52.504677
1314	13.312679000000001	52.525822999999995
1315	13.3618266	52.5493388
1316	13.325783000000001	52.514158666666674
1317	13.3876956	52.4393684
1318	13.408787	52.387243
1319	13.286109	52.594885
1320	13.413588	52.515359
1321	13.334528	52.58301899999999
1322	13.370209	52.557446999999996
1323	13.512929999999999	52.469151000000004
1324	13.309176	52.472326
1325	13.498388	52.546073
1326	13.309273999999998	52.492118000000005
1327	13.390995000000002	52.523633999999994
1328	13.291528	52.510273
1329	13.421492	52.497828
1330	13.243267000000001	52.515549
1331	13.30866	52.467687
1332	13.490438000000001	52.61705500000001
1333	13.3462105	52.531139
1334	13.352553	52.545328000000005
1335	13.354857	52.545458999999994
1336	13.180139000000002	52.42442
1337	13.350744	52.5433335
1338	13.362744000000001	52.504934
1339	13.376549399999998	52.5359008
1340	13.339213	52.543451
1341	13.403039	52.518282
1342	13.393729	52.517905000000006
1343	13.278866	52.518910999999996
1344	13.254519	52.515839
1345	13.246529	52.51528100000001
1346	13.201425	52.535790000000006
1347	13.3299525	52.4981705
1348	13.399268	52.575193999999996
1349	13.354676000000001	52.53623399999999
1350	13.392392999999998	52.548464
1351	13.372194	52.526844000000004
1352	13.377101999999999	52.523692000000004
1353	13.402323	52.569279
1354	13.342523000000002	52.439170999999995
1355	13.617215	52.504799
1356	13.623465	52.50421899999999
1357	13.625251500000001	52.4563505
1358	13.590217	52.451877
1359	13.582072	52.443740000000005
1360	13.57675	52.45496
1361	13.410171250000001	52.53344475
1362	13.3807	52.424238
1363	13.375770000000001	52.425095
1364	13.455045000000002	52.452228000000005
1365	13.299489999999999	52.4565665
1366	13.516839000000001	52.535003
1367	13.327582999999999	52.45457
1368	13.552322	52.509953
1369	13.405981	52.513596
1370	13.397077	52.492699
1371	13.429735	52.492906999999995
1372	13.33857	52.49435
1373	13.212114000000001	52.512896999999995
1374	13.4491005	52.497342
1375	13.3304015	52.478671000000006
1376	13.330622	52.514523
1377	13.475072	52.511099
1378	13.431548750000001	52.55075875
1379	13.398600333333333	52.534214
1380	13.330964999999999	52.494252
1381	13.461935	52.506661
1382	13.414396	52.488232999999994
1383	13.293586	52.52435500000001
1384	13.2759255	52.519045500000004
1385	13.491254000000001	52.511598
1386	13.175783	52.421738
1387	13.346758	52.522031000000005
1388	13.409688000000001	52.514764
1389	13.147882999999998	52.452474
1390	13.506494	52.563390000000005
1391	13.3152	52.4531755
1392	13.371348000000001	52.522507999999995
1393	13.281827	52.438981999999996
1394	13.279857999999999	52.43059399999999
1395	13.708276000000001	52.430843
1396	13.271336999999999	52.438126000000004
1397	13.271291	52.45056999999999
1398	13.402925	52.493528000000005
1399	13.432192	52.517545999999996
1400	13.426383999999999	52.5281
1401	13.430635999999998	52.52365
1402	13.466120000000002	52.508846999999996
1403	13.316588000000001	52.577693000000004
1404	13.327025	52.599043
1405	13.178456	52.423805
1406	13.41412225	52.507793500000005
1407	13.427857000000001	52.507693
1408	13.50836	52.526655000000005
1409	13.330413499999999	52.499247
1410	13.320304500000002	52.477069
1411	13.3886	52.569095
1412	13.331976999999998	52.595181000000004
1413	13.324808	52.5889265
1414	13.348578	52.467379
1415	13.399754000000001	52.568658
1416	13.312517	52.49298950000001
1417	13.424112	52.508809
1418	13.370176999999998	52.588264
1419	13.327488	52.42957800000001
1420	13.353978	52.448917
1421	13.362331	52.58165699999999
1422	13.380645000000001	52.571588
1423	13.392635999999998	52.564958
1424	13.280089000000002	52.593585
1425	13.279214	52.448195
1426	13.55347	52.431597
1427	13.305306	52.547877
1428	13.320442000000002	52.561482
1429	13.409089000000002	52.515806999999995
1430	13.41421825	52.55172925000001
1431	13.4338445	52.490038
1432	13.296888000000001	52.486385999999996
1433	13.300166	52.522690000000004
1434	13.438561	52.497250666666666
1435	13.451629	52.525126
1436	13.161086	52.433994999999996
1437	13.500076000000002	52.527175
1438	13.444667500000001	52.529268
1439	13.485326999999998	52.586482
1440	13.293644	52.51361
1441	13.4286905	52.509129
1442	13.349798000000002	52.47934300000001
1443	13.332338	52.471109
1444	13.385216	52.510066
1445	13.342245000000002	52.467682999999994
1446	13.366844500000001	52.54770450000001
1447	13.31485	52.472795
1448	13.4731165	52.5119715
1449	13.468681499999999	52.5160095
1450	13.454304	52.488987
1451	13.287126999999998	52.518727
1452	13.308342999999999	52.410764
1453	13.56688	52.52091
1454	13.335338	52.530604000000004
1455	13.428282999999999	52.567923
1456	13.333391	52.5134515
1457	13.433911	52.527806999999996
1458	13.324463	52.496734
1459	13.477739999999999	52.492138
1460	13.32401	52.49486100000001
1461	13.468962333333332	52.51762166666666
1462	13.277595999999999	52.519998
1463	13.440888000000001	52.52691
1464	13.279198000000001	52.511905000000006
1465	13.427133	52.479533999999994
1466	13.423022	52.4838
1467	13.390359	52.552564000000004
1468	13.4262105	52.48913875
1469	13.371278	52.529456999999994
1470	13.315447	52.503783
1471	13.307472	52.504149
1472	13.49303	52.559385
1473	13.369332	52.484935
1474	13.341695000000001	52.447157999999995
1475	13.315242999999999	52.434789
1476	13.327361999999999	52.428332
1477	13.454351999999998	52.518868000000005
1478	13.3065085	52.5169565
1479	13.417241	52.529295
1480	13.424813	52.490028
1481	13.331	52.496772
1482	13.473401	52.515046
1483	13.412666999999999	52.529736
1484	13.483120999999999	52.621145
1485	13.3326885	52.468893
1486	13.224213	52.429883999999994
1487	13.488679000000001	52.485732999999996
1488	13.386997000000001	52.547454
1489	13.291580500000002	52.5185035
1490	13.265319	52.520708
1491	13.395735	52.497890000000005
1492	13.520033999999999	52.530013000000004
1493	13.390556	52.496221999999996
1494	13.410026	52.516263
1495	13.396367999999999	52.387046999999995
1496	13.214816	52.439916000000004
1497	13.375747	52.550706000000005
1498	13.541079000000002	52.399172
1499	13.323827	52.493942000000004
1500	13.35206233333333	52.456421999999996
1501	13.406586500000001	52.519602500000005
1502	13.36097775	52.4858025
1503	13.618816	52.443870999999994
1504	13.448544333333333	52.477838999999996
1505	13.280116	52.58893199999999
1506	13.364398000000001	52.533405
1507	13.3101485	52.500266499999995
1508	13.225479	52.476089
1509	13.402476	52.480945
1510	13.324188499999998	52.49775150000001
1511	13.2985315	52.4985495
1512	13.370258999999999	52.531133999999994
1513	13.31567	52.438127
1514	13.409103	52.516865
1515	13.419392	52.4877345
1516	13.349358222222222	52.52357355555556
1517	13.380977	52.465761
1518	13.295388	52.52754100000001
1519	13.446928	52.4750955
1520	13.264639	52.48281899999999
1521	13.220791	52.510893
1522	13.3699045	52.592702
1523	13.413084	52.497492
1524	13.317385999999999	52.566641000000004
1525	13.467122	52.463635
1526	13.42710875	52.545606750000005
1527	13.252407999999999	52.51586700000001
1528	13.3889355	52.547726
1529	13.324250333333334	52.52095966666667
1530	13.248053	52.537918000000005
1531	13.287048	52.411737
1532	13.460826999999998	52.521966000000006
1533	13.3020025	52.517905999999996
1534	13.4268355	52.500594500000005
1535	13.294395999999999	52.50019
1536	13.347401999999999	52.551019
1537	13.386382999999999	52.522127000000005
1538	13.341463000000001	52.60785500000001
1539	13.424745000000001	52.49559300000001
1540	13.484103	52.571516
1541	13.425498	52.552477999999994
1542	13.353132	52.502146999999994
1543	13.403819	52.492306000000006
1544	13.369448	52.464591000000006
1545	13.192056	52.540199
1546	13.47074	52.528940000000006
1547	13.190760999999998	52.534119
1548	13.386726000000001	52.508725
1549	13.4896285	52.517011999999994
1550	13.335323	52.596528
1551	13.480916	52.487134
1552	13.488839000000002	52.622057999999996
1553	13.286199666666667	52.583948
1554	13.315232	52.44704300000001
1555	13.246057	52.43624200000001
1556	13.6258	52.401629
1557	13.403406	52.473108999999994
1558	13.434498000000001	52.432186
1559	13.436322	52.4752
1560	13.320901000000001	52.511964
1561	13.426331	52.50951
1562	13.430124333333334	52.55153166666667
1563	13.337306	52.513191000000006
1564	13.424657999999999	52.483461
1565	13.366124	52.524313
1566	13.329254	52.57796
1567	13.318176000000001	52.546034999999996
1568	13.150227	52.518035999999995
1569	13.400906500000001	52.517402499999996
1570	13.227967999999999	52.538518
1571	13.269682000000001	52.450334
1572	13.42428325	52.47732225
1573	13.449682999999999	52.448126
1574	13.420955	52.475168999999994
1575	13.449132	52.452178
1576	13.4164	52.474676
1577	13.292608	52.510695999999996
1578	13.332301000000001	52.463708999999994
1579	13.429262	52.48211
1580	13.438532	52.539248
1581	13.571345	52.542891000000004
1582	13.380088500000001	52.5064415
1583	13.173637	52.43006
1584	13.525657	52.477474
1585	13.234276999999999	52.490411
1586	13.472589000000001	52.500730000000004
1587	13.426035	52.537036
1588	13.381582	52.513527
1589	13.326324	52.591315
1590	13.296888000000001	52.509803000000005
1591	13.335082	52.484089000000004
1592	13.433914999999999	52.5367065
1593	13.371799	52.49629
1594	13.316756	52.48151
1595	13.384976000000002	52.464282
1596	13.478988000000001	52.539363
1597	13.314109	52.466747999999995
1598	13.320331	52.483035
1599	13.2929735	52.50868800000001
1600	13.641039249999999	52.426126249999996
1601	13.376965	52.51215
1602	13.619132	52.40754
1603	13.276167999999998	52.448274
1604	13.340328	52.518388
1605	13.172163000000001	52.446205000000006
1606	13.504195000000001	52.626661999999996
1607	13.324411999999999	52.522414000000005
1608	13.271632333333335	52.504911
1609	13.566641	52.560256
1610	13.376477	52.520621
1611	13.318513000000001	52.50748299999999
1612	13.529379999999998	52.53710699999999
1613	13.385604	52.544999
1614	13.350518	52.532685
1615	13.3264906	52.4982768
1616	13.406989999999999	52.569072999999996
1617	13.383322	52.535934
1618	13.406099	52.545727
1619	13.435285999999998	52.553279
1620	13.242923999999999	52.433271
1621	13.097411	52.410685
1622	13.384785	52.547352000000004
1623	13.377687	52.490058
1624	13.287510999999999	52.49566899999999
1625	13.503055999999999	52.566072999999996
1626	13.544937	52.519808999999995
1627	13.446847	52.508782999999994
1628	13.336731	52.51529049999999
1629	13.52561	52.55585
1630	13.569653	52.559158999999994
1631	13.3824605	52.548844
1632	13.577413	52.544830000000005
1633	13.3363	52.48070733333333
1634	13.441225399999999	52.5433582
1635	13.486459	52.522712
1636	13.412569	52.464312
1637	13.348410999999999	52.521758500000004
1638	13.376816	52.479972
1639	13.448231	52.564834
1640	13.559575	52.441885
1641	13.196447000000001	52.416477
1642	13.460741	52.46873000000001
1643	13.437752	52.446639499999996
1644	13.369344	52.537423
1645	13.468347	52.515085
1646	13.282943	52.534367
1647	13.498253	52.539025
1648	13.197612	52.510334
1649	13.344262	52.53200149999999
1650	13.368715	52.496145
1651	13.342514000000001	52.533629000000005
1652	13.314442999999999	52.519949
1653	13.288101000000001	52.582603000000006
1654	13.354763	52.544433
1655	13.154509	52.425768
1656	13.449446	52.552975
1657	13.428959666666666	52.510359
1658	13.215909	52.428568
1659	13.462803	52.5135705
1660	13.275619	52.535784
1661	13.357085000000001	52.51406899999999
1662	13.577274	52.447393999999996
1663	13.347499	52.47906700000001
1664	13.312275	52.532101000000004
1665	13.515587	52.536704
1666	13.390575	52.54590699999999
1667	13.436547000000001	52.473071
1668	13.436912	52.471318999999994
1669	13.364589000000002	52.49211
1670	13.43379	52.540893000000004
1671	13.222726999999999	52.536722
1672	13.363751999999998	52.560575
1673	13.229237	52.511281999999994
1674	13.396006	52.499097
1675	13.210640999999999	52.546488999999994
1676	13.41731	52.557943
1677	13.444289999999999	52.46159399999999
1678	13.404073	52.515577
1679	13.507154000000002	52.549172999999996
1680	13.203702	52.545514000000004
1681	13.413191000000001	52.512423
1682	13.367125999999999	52.4951115
1683	13.209667999999999	52.546997999999995
1684	13.326670000000002	52.532413
1685	13.321857999999999	52.536506
1686	13.325320000000001	52.53175600000001
1687	13.573364999999999	52.54908100000001
1688	13.185344	52.551228
1689	13.31802	52.527263
1690	13.405859000000001	52.5169504
1691	13.59005	52.528587
1692	13.216094	52.526931999999995
1693	13.438163000000001	52.517165000000006
1694	13.482842000000002	52.540554
1695	13.243867999999999	52.510121999999996
1696	13.303222666666665	52.42648533333334
1697	13.494411	52.632362
1698	13.227348999999998	52.51358199999999
1699	13.33791	52.516381
1700	13.396067000000002	52.482887
1701	13.297494	52.511443
1702	13.413169	52.533715
1703	13.232573	52.43757233333334
1704	13.369142000000002	52.530576
1705	13.403920999999999	52.53705
1706	13.35165	52.516090000000005
1707	13.384738	52.470652
1708	13.3436065	52.525124
1709	13.324489999999999	52.45824399999999
1710	13.3232295	52.4633965
1711	13.442738	52.47205
1712	13.186801999999998	52.515124
1713	13.287787000000002	52.50275
1714	13.412664000000001	52.561206000000006
1715	13.511467000000001	52.492318999999995
1716	13.368247	52.552714
1717	13.2877	52.5597
1718	13.437738000000001	52.521053
1719	13.315267	52.4863235
1720	13.426378	52.496386
1721	13.488335999999999	52.518153000000005
1722	13.472929	52.503893000000005
1723	13.342437	52.485347999999995
1724	13.499378	52.520371999999995
1725	13.466363000000001	52.59673299999999
1726	13.271158999999999	52.509072
1727	13.338622	52.52784750000001
1728	13.215482000000002	52.434341
1729	13.206626000000002	52.53841800000001
1730	13.320225999999998	52.51293666666667
1731	13.20164	52.547066
1732	13.429568	52.57161
1733	13.329407999999999	52.507695
1734	13.241204999999999	52.44329200000001
1735	13.335557999999999	52.52683950000001
1736	13.58773975	52.52762
1737	13.56974	52.544501000000004
1738	13.473916000000001	52.422654
1739	13.458813000000001	52.422841
1740	13.376477000000001	52.5529025
1741	13.374535	52.51608225
1742	13.369419	52.498687
1743	13.351414000000002	52.496734
1744	13.353677	52.492768999999996
1745	13.353517000000002	52.504598
1746	13.5657155	52.45670275
1747	13.3405165	52.533435499999996
1748	13.567332	52.573133999999996
1749	13.404395999999998	52.530859
1750	13.372637	52.436733
1751	13.36810275	52.4927915
1752	13.431977999999999	52.556253000000005
1753	13.395613	52.557205
1754	13.278994	52.588567000000005
1755	13.170026000000002	52.534006999999995
1756	13.309785999999999	52.567749
1757	13.375576	52.5149
1758	13.303871	52.511497999999996
1759	13.309420999999999	52.431589
1760	13.49811	52.433788
1761	13.512158	52.44870600000001
1762	13.357421500000001	52.541365500000005
1763	13.482757999999999	52.577920999999996
1764	13.257095000000001	52.447227000000005
1765	13.463217000000002	52.562408
1766	13.499751000000002	52.528870999999995
1767	13.416573000000001	52.506999
1768	13.396595999999999	52.488122
1769	13.608537	52.538879
1770	13.469296	52.518584999999995
1771	13.372235	52.497942
1772	13.336437	52.546204
1773	13.346089500000001	52.509724
1774	13.429046	52.4717785
1775	13.342226	52.447906
1776	13.388597	52.478108
1777	13.293867	52.505187
1778	13.341029999999998	52.555725
1779	13.419726999999998	52.467837
1780	13.429948999999999	52.556681000000005
1781	13.512127	52.560512
1782	13.338092999999999	52.488172
1783	13.24055	52.510523
1784	13.488007999999999	52.491489
1785	13.385514333333333	52.51174733333334
1786	13.438654999999999	52.552037
1787	13.461317999999999	52.552867000000006
1788	13.273558999999999	52.536659
1789	13.413167000000001	52.55942099999999
1790	13.44351	52.497156999999994
1791	13.387075	52.50436
1792	13.506197	52.546448999999996
1793	13.457866000000001	52.518829000000004
1794	13.484601999999999	52.539981
1795	13.384416	52.448228
1796	13.447898	52.492012
1797	13.427228	52.495681000000005
1798	13.520372	52.500549
1799	13.452516000000001	52.478864
1800	13.24921	52.540525
1801	13.518076999999998	52.568675
1802	13.55877	52.555960999999996
1803	13.191297	52.426671
1804	13.392688	52.475030000000004
1805	13.662614999999999	52.411844
1806	13.395601000000001	52.461128
1807	13.286223000000001	52.591498
1808	13.266629	52.482611
1809	13.311886999999999	52.506496
1810	13.441182000000001	52.476774
1811	13.48664	52.51671700000001
1812	13.381257000000002	52.453485
1813	13.507416000000001	52.546477
1814	13.388987	52.462677
1815	13.463023666666667	52.50839066666666
1816	13.433983999999999	52.49971
1817	13.505373	52.55582
1818	13.342522	52.486717000000006
1819	13.090403	52.413428
1820	13.384179999999999	52.528009999999995
1821	13.630369	52.399508000000004
1822	13.303113	52.52118299999999
1823	13.479007	52.504392499999994
1824	13.348707999999998	52.504139
1825	13.387742000000001	52.533088
1826	13.384845	52.499739
1827	13.613	52.528839000000005
1828	13.263384	52.487956999999994
1829	13.484288000000001	52.423669
1830	13.320345999999999	52.455439
1831	13.324406	52.456452
1832	13.262498999999998	52.537139
1833	13.467669	52.561588
1834	13.518355	52.453171999999995
1835	13.426421	52.533263
1836	13.396330500000001	52.53429150000001
1837	13.402218	52.51446899999999
1838	13.199107999999999	52.542877000000004
1839	13.419338	52.54765950000001
1840	13.374117000000002	52.48789300000001
1841	13.446760000000001	52.471059
1842	13.207711999999999	52.532371999999995
1843	13.381948000000001	52.524238000000004
1844	13.35255	52.490928000000004
1845	13.338814999999999	52.525704000000005
1846	13.270558	52.535279
1847	13.353588	52.55439499999999
1848	13.338685	52.558198
1849	13.406269333333332	52.530953666666676
1850	13.203789000000002	52.542089000000004
1851	13.436445999999998	52.423593
1852	13.393652	52.51104
1853	13.410910000000001	52.553
1854	13.297082999999999	52.456925
1855	13.164614000000002	52.428594
1856	13.458185	52.519824
1857	13.215812	52.539725
1858	13.209643	52.538453000000004
1859	13.213759	52.52695500000001
1860	13.389382000000001	52.486254
1861	13.288044000000001	52.63241899999999
1862	13.3978	52.48631999999999
1863	13.330535999999999	52.510422999999996
1864	13.324841000000001	52.526623
1865	13.458563	52.520654
1866	13.321719	52.519881999999996
1867	13.291514000000001	52.511134999999996
1868	13.364417999999999	52.563230000000004
1869	13.269307000000001	52.511352
1870	13.477535999999999	52.512988
1871	13.467822	52.520575
1872	13.52005	52.531013
1873	13.359202999999999	52.52805
1874	13.417273000000002	52.515104
1875	13.416403	52.491218999999994
1876	13.346395000000001	52.508297999999996
1877	13.331214000000001	52.495861
1878	13.442159	52.516247
1879	13.464954999999998	52.560134
1880	13.461331	52.530052000000005
1881	13.386327999999999	52.524625
1882	13.620847	52.523753
1883	13.311907999999999	52.497677
1884	13.415073999999999	52.491347
1885	13.31318	52.495456999999995
1886	13.400552	52.489399
1887	13.393208	52.514917000000004
1888	13.37205	52.491780000000006
1889	13.432707	52.497028
1890	13.201014	52.5485695
1891	13.437033999999999	52.52299
1892	13.411294	52.498961
1893	13.421875499999999	52.5382375
1894	13.338375	52.53325699999999
1895	13.375103	52.528794
1896	13.486876	52.52066
1897	13.410214000000002	52.55764
1898	13.461704999999998	52.505915
1899	13.367337	52.490215
1900	13.365429999999998	52.542359
1901	13.2133905	52.561158999999996
1902	13.383500000000002	52.5601055
1903	13.386153999999998	52.5584085
1904	13.333472	52.45219
1905	13.513827	52.567612
1906	13.32975	52.487648
1907	13.318254000000001	52.523982999999994
1908	13.425680999999999	52.516691
1909	13.342385	52.469289
1910	13.388015	52.552341000000006
1911	13.487184	52.621446999999996
1912	13.33665	52.517547
1913	13.531158	52.42995500000001
1914	13.308113	52.585781000000004
1915	13.461053	52.50109200000001
1916	13.435460999999998	52.504342
1917	13.462558999999999	52.515992000000004
1918	13.559952	52.486532999999994
1919	13.463882	52.516534
1920	13.382131	52.485018000000004
1921	13.548717000000002	52.502665
1922	13.523091	52.481127
1923	13.363222	52.509786
1924	13.416176	52.538484
1925	13.391860000000001	52.553249
1926	13.3254015	52.5188915
1927	13.399776	52.5697575
1928	13.338887	52.52675333333334
1929	13.483395999999999	52.468325
1930	13.296493	52.464369999999995
1931	13.418289999999999	52.5512545
1932	13.441033	52.4722
1933	13.316831	52.567862
1934	13.293242000000001	52.44319300000001
1935	13.313649	52.451246999999995
1936	13.402591000000001	52.508281000000004
1937	13.469426	52.542592000000006
1938	13.441719	52.483093999999994
1939	13.339594	52.4949965
1940	13.3588465	52.5650045
1941	13.463573	52.511363
1942	13.386988	52.4876675
1943	13.465247	52.506296
1944	13.525011	52.480169999999994
1945	13.324163	52.53204399999999
1946	13.352573000000001	52.58107
1947	13.309876999999998	52.50425500000001
1948	13.4682615	52.5093715
1949	13.295402	52.442809999999994
1950	13.347050000000001	52.553112
1951	13.241304000000001	52.497471999999995
1952	13.472887	52.465146999999995
1953	13.521533999999999	52.490880000000004
1954	13.29347925	52.4453315
1955	13.358365	52.55015133333333
1956	13.333143	52.602266
1957	13.509367999999998	52.468929
1958	13.500739999999999	52.561976
1959	13.324152999999999	52.445328
1960	13.330744499999998	52.48698125
1961	13.468758	52.530969999999996
1962	13.319355999999999	52.530021
1963	13.209903	52.550203
1964	13.460826999999998	52.553916
1965	13.335251000000001	52.515848999999996
1966	13.197932999999999	52.521172
1967	13.456432999999999	52.533476
1968	13.446076000000001	52.569343
1969	13.326676	52.569728000000005
1970	13.329076999999998	52.569986
1971	13.261088	52.43566
1972	13.494417000000002	52.545074
1973	13.458819	52.565173
1974	13.423891000000001	52.546189
1975	13.423932	52.495062
1976	13.513013	52.45878100000001
1977	13.376562	52.477388
1978	13.429116	52.485349
1979	13.537094	52.43330600000001
1980	13.390832000000001	52.555367000000004
1981	13.444538	52.483484
1982	13.403178	52.55301
1983	13.33114	52.485431999999996
1984	13.428681	52.484478
1985	13.413614	52.517528000000006
1986	13.36105	52.494638
1987	13.422094	52.476555000000005
1988	13.517528	52.510574
1989	13.415304	52.511637
1990	13.434442	52.519296
1991	13.178572	52.516391000000006
1992	13.196320000000002	52.513135999999996
1993	13.183207999999999	52.516743000000005
1994	13.1866795	52.517132499999995
1995	13.471995999999999	52.530770999999994
1996	13.420354000000001	52.493294999999996
1997	13.54866	52.545127
1998	13.431129	52.492149
1999	13.389263	52.53579499999999
2000	13.327853	52.516234999999995
2001	13.328401999999999	52.506912
2002	13.438488	52.510782
2003	13.3532765	52.48729250000001
2004	13.428962	52.537526
2005	13.384197	52.549499
2006	13.317649	52.5122555
2007	13.361068	52.447361
2008	13.455947	52.529679
2009	13.341152999999998	52.532252
2010	13.314492000000001	52.473983
2011	13.321461	52.462562
2012	13.600107999999999	52.540488
2013	13.305129999999998	52.411503
2014	13.348016000000001	52.51158
2015	13.419506	52.550230000000006
2016	13.481322	52.516941
2017	13.605422	52.487697999999995
2018	13.430774	52.534123666666666
2019	13.438191	52.469397
2020	13.527107999999998	52.526623
2021	13.350112	52.414117
2022	13.319635	52.437072
2023	13.358669	52.501532
2024	13.605784	52.536944999999996
2025	13.604404999999998	52.539411
2026	13.46411	52.530347
2027	13.509020999999999	52.533297
2028	13.439945999999999	52.523683
2029	13.296517999999999	52.516451999999994
2030	13.510754	52.45004599999999
2031	13.28421	52.511551000000004
2032	13.302677	52.51715600000001
2033	13.333089000000001	52.486047
2034	13.469335000000001	52.553677
2035	13.289470999999999	52.518271999999996
2036	13.344672000000001	52.535747
2037	13.260247	52.4905
2038	13.317594	52.51756999999999
2039	13.548160000000001	52.436006000000006
2040	13.318122	52.456255000000006
2041	13.544469	52.554190000000006
2042	13.451770999999999	52.545314000000005
2043	13.373387	52.542184999999996
2044	13.374316	52.539530000000006
2045	13.377204999999998	52.543068999999996
2046	13.428127499999999	52.5012435
2047	13.424917	52.527638
2048	13.529197	52.57076800000001
2049	13.570131	52.567166
2050	13.325965	52.482663
2051	13.3574305	52.48140050000001
2052	13.395238	52.50365600000001
2053	13.358479	52.509769999999996
2054	13.446504000000001	52.564962
2055	13.410939	52.566676
2056	13.285174	52.510188
2057	13.374637	52.424219
2058	13.625354000000002	52.457330000000006
2059	13.351690666666668	52.50939233333333
2060	13.293132	52.506671
2061	13.505217000000002	52.572852000000005
2062	13.4123545	52.544317
2063	13.328555999999999	52.520680000000006
2064	13.294945000000002	52.515613
2065	13.481891	52.486025999999995
2066	13.405187	52.496545
2067	13.387048000000002	52.456589
2068	13.329262	52.465847499999995
2069	13.293178	52.51763100000001
2070	13.312231	52.51829
2071	13.393455	52.52966800000001
2072	13.362594	52.483512
2073	13.312532999999998	52.62253199999999
2074	13.507487	52.572998999999996
2075	13.2917795	52.5154545
2076	13.265982999999999	52.51305
2077	13.325706	52.51088299999999
2078	13.297141	52.513073999999996
2079	13.304132000000001	52.50996
2080	13.141748000000002	52.525586
2081	13.315112	52.500221999999994
2082	13.286569	52.420338
2083	13.325879999999998	52.50073199999999
2084	13.481810000000001	52.516093999999995
2085	13.294789000000002	52.517277
2086	13.2989	52.5081
2087	13.328207999999998	52.533046999999996
2088	13.469945999999998	52.54891800000001
2089	13.563609	52.542798
2090	13.574504000000001	52.572689000000004
2091	13.489107999999998	52.512381999999995
2092	13.490757	52.513056999999996
2093	13.32206	52.60691800000001
2094	13.391335999999999	52.504470999999995
2095	13.298135	52.504768000000006
2096	13.385513000000001	52.466572
2097	13.297509333333332	52.555839666666664
2098	13.298119499999999	52.441426
2099	13.422016333333332	52.50700833333334
2100	13.413298000000001	52.516344
2101	13.382954000000002	52.469432999999995
2102	13.3761	52.455961
2103	13.285997	52.419554
2104	13.289248	52.523711999999996
2105	13.162891	52.420341
2106	13.250306	52.508615
2107	13.328597	52.499001
2108	13.240726	52.442330000000005
2109	13.251129	52.434699
2110	13.307766	52.477284
2111	13.280766	52.510014
2112	13.401227	52.547418500000006
2113	13.4050745	52.386700999999995
2114	13.340278	52.557464
2115	13.347748999999999	52.505644
2116	13.409735999999999	52.55250699999999
2117	13.360464000000002	52.571247
2118	13.325003500000001	52.478863999999994
2119	13.399704000000002	52.46482099999999
2120	13.518384999999999	52.574966
2121	13.380575	52.51816899999999
2122	13.401775	52.498354000000006
2123	13.563317000000001	52.50842900000001
2124	13.572866000000001	52.411238
2125	13.361478	52.486792
2126	13.265210999999999	52.517633999999994
2127	13.266939	52.512613
2128	13.324857000000002	52.507791000000005
2129	13.295678	52.610572999999995
2130	13.420129999999999	52.476911
2131	13.289957000000001	52.556732
2132	13.584509	52.510819
2133	13.451085	52.530739000000004
2134	13.314457	52.525151
2135	13.384803	52.49707133333334
2136	13.403020000000001	52.511768000000004
2137	13.344226	52.524184999999996
2138	13.443767999999999	52.530345
2139	13.357959	52.459592
2140	13.458368	52.526596
2141	13.276009	52.520251
2142	13.270069499999998	52.5037385
2143	13.271654000000002	52.503979
2144	13.320483499999998	52.479072
2145	13.274036999999998	52.506493250000005
2146	13.329132000000001	52.494781
2147	13.323371	52.492532999999995
2148	13.291039999999999	52.595780000000005
2149	13.491973000000002	52.49798199999999
2150	13.508903	52.546533
2151	13.382911500000002	52.5326025
2152	13.446879000000001	52.523768000000004
2153	13.383198000000002	52.455622
2154	13.327929000000001	52.4254
2155	13.448588	52.515654000000005
2156	13.263368	52.504746999999995
2157	13.2845765	52.508326
2158	13.271076999999998	52.516103
2159	13.306510999999999	52.42856
2160	13.387194000000001	52.50554399999999
2161	13.394322	52.486699
2162	13.406579	52.504854
2163	13.353753	52.526371
2164	13.591095999999999	52.52934200000001
2165	13.325676000000001	52.432514000000005
2166	13.355089999999999	52.598085
2167	13.569270999999999	52.443926
2168	13.300904000000001	52.526064
2169	13.337854499999999	52.485485999999995
2170	13.477032000000001	52.512322
2171	13.558993	52.5061575
2172	13.590012	52.521668000000005
2173	13.442316	52.46284
2174	13.386432999999998	52.484198000000006
2175	13.436256	52.490442
2176	13.5395085	52.5271615
2177	13.283147	52.587099
2178	13.461107	52.58471899999999
2179	13.410829000000001	52.553993000000006
2180	13.388604999999998	52.491222
2181	13.358957	52.502823
2182	13.498420999999999	52.526366
2183	13.40538	52.495819999999995
2184	13.4556225	52.522960999999995
2185	13.438125	52.51410500000001
2186	13.56039	52.550784
2187	13.554711	52.55163100000001
2188	13.311428	52.510723
2189	13.529192000000002	52.479693000000005
2190	13.567826	52.518747
2191	13.438248999999999	52.48253199999999
2192	13.402135999999999	52.534183999999996
2193	13.495889000000002	52.505355
2194	13.308145999999999	52.484416
2195	13.479320999999999	52.52733550000001
2196	13.340235	52.47875500000001
2197	13.414724	52.545104
2198	13.365576	52.554855
2199	13.402073000000001	52.464139
2200	13.565220000000002	52.556082999999994
2201	13.409970000000001	52.489038
2202	13.456875	52.430119999999995
2203	13.479902	52.503007999999994
2204	13.364872	52.508589
2205	13.344514000000002	52.504082
2206	13.439535000000001	52.50346999999999
2207	13.347764999999999	52.499230000000004
2208	13.427373000000001	52.486633
2209	13.264854999999999	52.50879200000001
2210	13.367067	52.46244
2211	13.4031485	52.512812
2212	13.346892	52.581669999999995
2213	13.350778	52.534374
2214	13.600617000000002	52.538279
2215	13.334719	52.560398
2216	13.388464	52.479717
2217	13.454497	52.525073
2218	13.429058999999999	52.5587815
2219	13.558297	52.544658
2220	13.40881	52.531133999999994
2221	13.323879999999999	52.486689
2222	13.271512	52.587752
2223	13.557993	52.524772
2224	13.556970999999999	52.522964
2225	13.467494	52.557355
2226	13.352032000000001	52.493497999999995
2227	13.535252	52.569074
2228	13.369765	52.541993000000005
2229	13.404001000000001	52.498917000000006
2230	13.261925	52.517166
2231	13.371104999999998	52.555778000000004
2232	13.319693	52.535633999999995
2233	13.407703	52.493162
2234	13.482845000000001	52.574971
2235	13.371091	52.535019999999996
2236	13.255185999999998	52.51131899999999
2237	13.219009	52.54793000000001
2238	13.297555	52.526875
2239	13.370493	52.464158999999995
2240	13.370188	52.488110999999996
2241	13.397685000000001	52.495158999999994
2242	13.542369	52.526343999999995
2243	13.333136999999999	52.495757999999995
2244	13.491178	52.501186
2245	13.41095	52.421513
2246	13.254272	52.431478000000006
2247	13.413944	52.492389
2248	13.445163	52.518544999999996
2249	13.368773000000001	52.521822
2250	13.366118	52.47209399999999
2251	13.404007	52.517011
2252	13.418748	52.478834
2253	13.342533	52.532169999999994
2254	13.426333999999999	52.508053000000004
2255	13.378987	52.526588000000004
2256	13.379588	52.527789
2257	13.455119	52.513518000000005
2258	13.441182000000001	52.502965
2259	13.419338	52.58356
2260	13.393937999999999	52.572312
2261	13.386073000000001	52.465604000000006
2262	13.265829	52.454661
2263	13.4180715	52.506361999999996
2264	13.338267000000002	52.52127900000001
2265	13.458192000000002	52.502798999999996
2266	13.157423000000001	52.533089000000004
2267	13.372335000000001	52.500443999999995
2268	13.354021	52.562121
2269	13.349886999999999	52.515416
2270	13.420507	52.548414
2271	13.351882999999999	52.501546999999995
2272	13.688951000000001	52.43019
2273	13.310720000000002	52.492852
2274	13.455869499999999	52.54922400000001
2275	13.402785	52.546743000000006
2276	13.254148999999998	52.508741
2277	13.316498000000001	52.488926
2278	13.270444	52.519642000000005
2279	13.318565	52.48723100000001
2280	13.507801999999998	52.401728999999996
2281	13.354921	52.509788
2282	13.290922	52.542503
2283	13.358634	52.516911
2284	13.576591	52.539342000000005
2285	13.42385	52.517699
2286	13.418863	52.532074
2287	13.422707	52.541571999999995
2288	13.338066	52.523689000000005
2289	13.443307	52.473887
2290	13.329388	52.493083999999996
2291	13.418553	52.505328000000006
2292	13.411222	52.50555799999999
2293	13.42384	52.512859999999996
2294	13.426232999999998	52.511711
2295	13.397269	52.469397
2296	13.510210999999998	52.562391000000005
2297	13.326015	52.601415
2298	13.291981	52.523483999999996
2299	13.285691	52.479769
2300	13.234728	52.437687
2301	13.279145999999999	52.50944200000001
2302	13.294804999999998	52.57630699999999
2303	13.289404999999999	52.513281000000006
2304	13.309724	52.479236
2305	13.324335000000001	52.485028
2306	13.457671	52.613533
2307	13.347458	52.493162
2308	13.310923999999998	52.517448
2309	13.377228	52.484871
2310	13.327663000000001	52.479898999999996
2311	13.38294	52.491724
2312	13.417647	52.495442000000004
2313	13.447957	52.458098
2314	13.439735999999998	52.446748
2315	13.381809	52.485985
2316	13.36106	52.493873
2317	13.326073000000001	52.542745999999994
2318	13.442544	52.465740000000004
2319	13.338239000000002	52.509526
2320	13.450431	52.46905
2321	13.496542999999999	52.499841
2322	13.419156	52.506935999999996
2323	13.352478	52.597499
2324	13.428014000000001	52.49745
2325	13.36045	52.464569999999995
2326	13.345014499999998	52.5266265
2327	13.2770035	52.4492035
2328	13.447714999999999	52.499117000000005
2329	13.4125525	52.528268499999996
2330	13.294694	52.553233999999996
2331	13.352447	52.549186
2332	13.365501	52.54981899999999
2333	13.591885000000001	52.438939000000005
2334	13.538623999999999	52.566453
2335	13.261474	52.467273
2336	13.3623485	52.488958499999995
2337	13.530253	52.566625
2338	13.271707000000001	52.498224
2339	13.440930999999999	52.606874
2340	13.40435	52.565327
2341	13.328755	52.531352000000005
2342	13.360876999999999	52.495402
2343	13.359611	52.523102
2344	13.470157999999998	52.477438
2345	13.369708	52.522299
2346	13.289185	52.631857999999994
2347	13.446057000000001	52.502902
2348	13.43924	52.504833
2349	13.322707999999999	52.481806999999996
2350	13.379759	52.555533999999994
2351	13.188203	52.569428
2352	13.454564000000001	52.549198
2353	13.468710999999999	52.510774
2354	13.497452	52.482185
2355	13.229921	52.434992
2356	13.360498000000002	52.50475
2357	13.379075	52.552059
2358	13.350416000000001	52.48611
2359	13.359595	52.550751
2360	13.342359	52.511435
2361	13.491039	52.47818
2362	13.629114999999999	52.392161
2363	13.400799	52.506395999999995
2364	13.538879999999999	52.486456000000004
2365	13.460569	52.519511
2366	13.394307999999999	52.496186
2367	13.382307999999998	52.577690000000004
2368	13.575289999999999	52.44396999999999
2369	13.419988	52.489991
2370	13.69118	52.451485
2371	13.298548	52.565635
2372	13.3603885	52.487895
2373	13.433625500000002	52.494690500000004
2374	13.380348000000001	52.497739
2375	13.422837	52.564076
2376	13.229251999999999	52.464087
2377	13.438919	52.48446800000001
2378	13.314563	52.534622999999996
2379	13.43379	52.538126
2380	13.476514000000002	52.551786
2381	13.354844	52.517587
2382	13.524181	52.446681999999996
2383	13.355607000000001	52.50496700000001
2384	13.391827	52.492274
2385	13.27055	52.51057900000001
2386	13.404028	52.498112
2387	13.366138000000001	52.553568999999996
2388	13.438741	52.4527
2389	13.496188	52.569841000000004
2390	13.555457	52.493809999999996
2391	13.351564000000002	52.51881899999999
2392	13.578598000000001	52.550476
2393	13.362006	52.547720999999996
2394	13.416395999999999	52.553642
2395	13.330841	52.562518000000004
2396	13.454761999999999	52.564735
2397	13.447744	52.519943000000005
2398	13.534345000000002	52.52601899999999
2399	13.347619	52.57406999999999
2400	13.476884	52.505148
2401	13.419920000000001	52.504056999999996
2402	13.369385000000001	52.517968
2403	13.527228	52.492064
2404	13.388144	52.477422999999995
2405	13.410494	52.450120999999996
2406	13.244713	52.543881000000006
2407	13.195917999999999	52.569720999999994
2408	13.305259	52.532449
2409	13.591769000000001	52.533839
2410	13.4660635	52.5174305
2411	13.414835	52.555670000000006
2412	13.49915	52.560894999999995
2413	13.463032	52.499586
2414	13.30013	52.521809
2415	13.594995999999998	52.51293199999999
2416	13.562453999999999	52.455833
2417	13.348587	52.490675
2418	13.27728	52.509522
2419	13.290227999999999	52.632507999999994
2420	13.315354000000001	52.514863
2421	13.312422	52.515558
2422	13.350303	52.539469999999994
2423	13.489838	52.504985
2424	13.457394	52.474833999999994
2425	13.373879999999998	52.545021999999996
2426	13.403106	52.551039
2427	13.333858	52.4713015
2428	13.410101000000001	52.53207
2429	13.302557	52.457527
2430	13.396717	52.510501
2431	13.314289000000002	52.508995
2432	13.381305	52.545108
2433	13.435139999999999	52.460125
2434	13.628784	52.422444
2435	13.448641	52.508458
2436	13.333414999999999	52.541804000000006
2437	13.315314	52.498943999999995
2438	13.338137	52.471518
2439	13.559022	52.511618999999996
2440	13.348697	52.458967
2441	13.387013	52.471565000000005
2442	13.32545	52.590405000000004
2443	13.497079000000001	52.624860999999996
2444	13.288248000000001	52.584556000000006
2445	13.300602	52.495637
2446	13.389838000000001	52.465729
2447	13.415337	52.47993100000001
2448	13.62545	52.444449
2449	13.399004999999999	52.384122999999995
2450	13.444199	52.424531
2451	13.303251999999999	52.482061
2452	13.585231	52.522324
2453	13.587114999999999	52.537084
2454	13.249666	52.56221899999999
2455	13.498892999999999	52.46394599999999
2456	13.436496	52.532503000000005
2457	13.381444	52.458468
2458	13.423167000000001	52.482921999999995
2459	13.331135	52.554295999999994
2460	13.373666	52.469528000000004
2461	13.385532000000001	52.446592
2462	13.311656	52.446913
2463	13.323282999999998	52.453914000000005
2464	13.42133	52.509949
2465	13.142223000000001	52.400324
2466	13.433398	52.518156999999995
2467	13.330428	52.470399
2468	13.317404000000002	52.504261
2469	13.444455	52.494174
2470	13.559531	52.507
2471	13.215701999999999	52.439440000000005
2472	13.524111999999999	52.527992000000005
2473	13.412375	52.488647
2474	13.388132	52.502462
2475	13.410669	52.502247
2476	13.509481	52.565721999999994
2477	13.364388	52.414798
2478	13.351510000000001	52.60351
2479	13.337762	52.495977
2480	13.33138	52.519329000000006
2481	13.417164000000001	52.475297999999995
2482	13.455198999999999	52.500448
2483	13.391163	52.476773
2484	13.335257	52.491544999999995
2485	13.453776000000001	52.47935
2486	13.346483	52.46705600000001
2487	13.431147	52.493219999999994
2488	13.435054000000001	52.49395
2489	13.257837	52.498315000000005
2490	13.484257999999999	52.474165
2491	13.385317	52.453263
2492	13.466674	52.525305
2493	13.396353	52.4947
2494	13.368816	52.550197
2495	13.422170999999999	52.507968000000005
2496	13.429720999999999	52.553672
2497	13.349054	52.508514
2498	13.340285	52.4995
2499	13.269360999999998	52.461987
2500	13.427263	52.524097999999995
2501	13.406807999999998	52.480755
2502	13.692135	52.43121800000001
2503	13.705423000000001	52.432297
2504	13.526932999999998	52.48194599999999
2505	13.62703	52.445246999999995
2506	13.209643	52.531898999999996
2507	13.214222	52.530448
2508	13.264575	52.480167
2509	13.35043	52.505843999999996
2510	13.434992000000001	52.500901
2511	13.336388000000001	52.521928
2512	13.519867999999999	52.578162
2513	13.360384	52.552624
2514	13.37579	52.543542
2515	13.468036999999999	52.534158999999995
2516	13.356145000000001	52.459818999999996
2517	13.407226000000001	52.551931999999994
2518	13.422384	52.474325
2519	13.421152	52.491893999999995
2520	13.310773000000001	52.499489000000004
2521	13.347365	52.487793999999994
2522	13.409545999999999	52.51327
2523	13.504794	52.534602
2524	13.271935000000001	52.505643000000006
2525	13.274285	52.480169999999994
2526	13.447296	52.55090799999999
2527	13.274676999999999	52.50309
2528	13.286807000000001	52.459571
2529	13.449620999999999	52.513028000000006
2530	13.344671	52.507955
2531	13.390732	52.483642
2532	13.4209	52.4368
2533	13.415571	52.435280000000006
2534	13.152934	52.52571999999999
2535	13.448684	52.549234
2536	13.398192000000002	52.508618999999996
2537	13.384717000000002	52.45991899999999
2538	13.479642	52.483625
2539	13.446925	52.52125
2540	13.400745	52.540786
2541	13.26245	52.43778199999999
2542	13.424763	52.504903000000006
2543	13.386822	52.5517285
2544	13.360898	52.570325
2545	13.294111	52.587353
2546	13.442704999999998	52.52526700000001
2547	13.286083999999999	52.506399
2548	13.351296	52.492153
2549	13.423126000000002	52.529042000000004
2550	13.388829999999999	52.496019
2551	13.418147	52.530048
2552	13.472786	52.507996999999996
2553	13.386301000000001	52.50761
2554	13.253846	52.423099
2555	13.371456	52.514463
2556	13.350992999999999	52.511899
2557	13.310621	52.491914
2558	13.494032	52.504884999999994
2559	13.312382000000001	52.529858
2560	13.35511	52.548398999999996
2561	13.447845000000001	52.536156000000005
2562	13.488979	52.541206
2563	13.270287	52.451747999999995
2564	13.500695	52.434141000000004
2565	13.462828	52.425213
2566	13.291089000000001	52.503583
2567	13.326410000000001	52.476603000000004
2568	13.331594	52.561741000000005
2569	13.297512	52.528383
2570	13.385137499999999	52.4507395
2571	13.474936999999999	52.543789000000004
2572	13.331930999999999	52.563425
2573	13.536914000000001	52.428540999999996
2574	13.358107999999998	52.496318
2575	13.364509	52.529697
2576	13.529392999999999	52.432816
2577	13.415145	52.489368000000006
2578	13.357111999999999	52.520988
2579	13.331060999999998	52.500388
2580	13.336615	52.502681
2581	13.226865	52.536818000000004
2582	13.445947	52.524454000000006
2583	13.446705999999999	52.466213
2584	13.471017000000002	52.512193999999994
2585	13.4331	52.491845999999995
2586	13.398248	52.392712
2587	13.399792000000001	52.397113
2588	13.252838	52.585164
2589	13.433136	52.523244999999996
2590	13.361804999999999	52.50994
2591	13.328809	52.519831
2592	13.309529000000001	52.584382
2593	13.347443	52.480307999999994
2594	13.586932000000001	52.545581999999996
2595	13.461286	52.517779000000004
2596	13.30071	52.474149
2597	13.448204999999998	52.530273
2598	13.445506	52.532631
2599	13.409092000000001	52.503952000000005
2600	13.335941	52.48485600000001
2601	13.379523999999998	52.45393000000001
2602	13.409765	52.511639
2603	13.457564999999999	52.437647
2604	13.441220999999999	52.497257
2605	13.389307999999998	52.398799
2606	13.375376000000001	52.505752
2607	13.327434	52.49098299999999
